oewn_id	pos	dulplus_class	method	primary_lemma	provenance	gloss
oewn-03463060-n	n	dul:DesignedArtifact	phase1_propagated	greenroom	synset-greenroom-noun-1	a backstage room in a theater where performers rest or have visitors
oewn-02776737-a	a	dul:Quality	phase4_A2_pertainym_default	monotypic	adj.pert head — relational adjective	consisting of only one type
oewn-00122465-n	n	dul:Action	phase1_propagated	forwarding	synset-forwarding-noun-1	the act of sending on to another destination
oewn-06940140-n	n	dul:InformationObject	phase5alt_propagated_from_hypernym	Uzbek	from oewn-06939235-n	the Turkic language spoken by the Uzbek
oewn-09296036-n	n	http://www.ontologydesignpatterns.org/ont/dul/Supplements.owl#DependentPart	phase1_propagated	ember	synset-ember-noun-1	a hot fragment of wood or coal that is left from a fire and is glowing or smoldering
oewn-06232886-n	n	coll:InformationCollection	phase1_propagated	Gnosticism	synset-Gnosticism-noun-1	a religious orientation advocating gnosis as the way to release a person's spiritual element; considered heresy by Christian churches
oewn-00602203-n	n	dul:Action	phase5alt_propagated_from_hypernym	secretary of energy	from oewn-00600587-n	the position of the head of the Department of Energy
oewn-04270367-n	n	dul:DesignedArtifact	phase1_propagated	soup bowl	synset-soup_bowl-noun-1	a bowl for serving soup
oewn-12317627-n	n	dul:Organism	phase1_propagated	Gentianopsid procera	synset-Gentianopsid_procera-noun-1	small blue-flowered fringed gentian of east central North America
oewn-00854162-s	s	dul:Quality	phase4_A1_satellite_inherits_head	soigne	inherited from head oewn-00852781-a	polished and well-groomed; showing sophisticated elegance
oewn-06903738-n	n	dul:DesignedArtifact	phase1_propagated	paraph	synset-paraph-noun-1	a flourish added after or under your signature (originally to protect against forgery)
oewn-09466545-n	n	dul:SpaceRegion	phase1_propagated	spume	synset-spume-noun-1	foam or froth on the sea
oewn-00502129-v	v	dul:Action	phase8_re_propagated	demulsify	inherited from revised anchor oewn-00139943-v (dul:Action)	break down into components
oewn-00767258-v	v	dul:Action	phase3_tier1_derivation	propitiate	deriv→oewn-01153902-n(marker='the act of')	make peace with
oewn-09879536-n	n	dul:Person	phase1_propagated	blind person	synset-blind_person-noun-1	a person with a severe visual impairment
oewn-03102541-n	n	dul:FunctionalSubstance	phase1_propagated	controlled substance	synset-controlled_substance-noun-1	a drug or chemical substance whose possession and use are controlled by law
oewn-01753964-v	v	dul:Action	phase3_propagated_from_hypernym	scrape	from oewn-01620211-v[propagated_from_hypernym]	make by scraping
oewn-01087779-s	s	dul:Quality	phase4_A1_satellite_inherits_head	brimful	inherited from head oewn-01086845-a	filled up
oewn-13699442-n	n	dul:Amount	phase1_propagated	Central African Republic franc	synset-Central_African_Republic_franc-noun-1	the basic unit of money in the Central African Republic
oewn-11702161-n	n	dul:BiologicalObject	phase1_propagated	free central placentation	synset-free_central_placentation-noun-1	where ovules develop on a central column in a compound ovary lacking septa or with septa at base only
oewn-00212278-v	v	dul:Process	phase8_re_propagated	freeze-dry	inherited from revised anchor oewn-00212840-v (dul:Process)	preserve by rapid freezing and subsequently drying in a vacuum
oewn-08083022-n	n	dul:Organization	phase1_propagated	aluminum business	synset-aluminum_business-noun-1	manufacturers of aluminum considered as a group
oewn-02894514-a	a	dul:Quality	phase4_A2_pertainym_default	neuroglial	adj.pert head — relational adjective	relating to or consisting of neuroglia
oewn-00253599-s	s	dul:Quality	phase4_A1_satellite_inherits_head	intimidated	inherited from head oewn-00252675-a	made timid or fearful as by threats
oewn-04832208-n	n	dul:Quality	phase1_propagated	implicitness	synset-implicitness-noun-1	inexplicitness as a consequence of being implied or indirect
oewn-00099205-n	n	dul:Action	phase1_propagated	mechanism	synset-mechanism-noun-2	the technical aspects of doing something
oewn-90017941-s	s	dul:Quality	phase4_A1_satellite_inherits_head	slim thick	inherited from head oewn-00991420-a	of a female with a large bottom and a slim waist
oewn-00450751-r	r	dul:Region	phase4_R1_adv_manner	sensationally	manner adverb	in a sensational manner
oewn-00029677-n	n	dul:Event	phase1_topmapping	event	synset-event-noun-1	something that happens at a given place and time
oewn-01519166-v	v	dul:Action	phase3_propagated_from_hypernym	force	from oewn-01903255-v[propagated_from_hypernym]	force into or from an action or state, either physically or metaphorically
oewn-02301324-s	s	dul:Quality	phase4_A1_satellite_inherits_head	tottering	inherited from head oewn-02299575-a	(of structures or institutions) having lost stability; failing or on the point of collapse
oewn-01748360-a	a	dul:Quality	phase4_A5_adj_head_default	perceptive	adj.all head default	having the ability to perceive or understand; keen in discernment
oewn-11535484-n	n	dul:Event	phase1_propagated	tension	synset-tension-noun-4	(physics) a stress that produces an elongation of an elastic physical body
oewn-11678036-n	n	dul:Organism	phase1_propagated	nagi	synset-nagi-noun-1	medium-sized tree having glossy lanceolate leaves; southern China to Taiwan and southern Japan
oewn-02007041-s	s	dul:Quality	phase4_A1_satellite_inherits_head	refractory	inherited from head oewn-02006866-a	temporarily unresponsive or not fully responsive to a process or stimulus
oewn-00544043-s	s	dul:Quality	phase4_A1_satellite_inherits_head	low-density	inherited from head oewn-00542013-a	having low concentration
oewn-02486512-v	v	dul:Action	phase3_tier2_indirect	outlaw	peer=oewn-02487025-v(dul:Action)	declare illegal; outlaw
oewn-13291061-n	n	dul:Action	phase1_propagated	contribution	synset-contribution-noun-2	a voluntary gift (as of money or service or ideas) made to some worthwhile cause
oewn-03527797-n	n	dul:DesignedArtifact	phase1_propagated	hitch	synset-hitch-noun-5	a knot that can be undone by pulling against the strain that holds it; a temporary knot
oewn-04884725-n	n	dul:Quality	phase1_propagated	loyalty	synset-loyalty-noun-1	the quality of being loyal
oewn-09946909-n	n	dul:Person	phase5alt_propagated_from_hypernym	reverend	from oewn-09528285-n	a member of the clergy and a spiritual leader of the Christian Church
oewn-02018416-s	s	dul:PhysicalAttribute	phase8_systematic_review_from_phase4_A1_satellite_inherits_head	anechoic	decision D-007338: satellite's gloss has physical-attr keyword; head was generic Quality	not having or producing echoes; sound-absorbent
oewn-04481422-n	n	dul:DesignedArtifact	phase1_propagated	transport ship	synset-transport_ship-noun-1	a ship for carrying soldiers or military equipment
oewn-01915022-s	s	dul:Quality	phase4_A1_satellite_inherits_head	alloyed	inherited from head oewn-01914420-a	(used of metals) debased by mixture with an inferior element
oewn-06025949-n	n	dul:Set	phase1_propagated	open interval	synset-open_interval-noun-1	an interval that does not include its endpoints
oewn-04793718-n	n	dul:Quality	phase1_propagated	simplicity	synset-simplicity-noun-3	absence of affectation or pretense
oewn-01139748-s	s	dul:Quality	phase4_A1_satellite_inherits_head	crabbed	inherited from head oewn-01138269-a	annoyed and irritable
oewn-02588984-s	s	dul:Quality	phase4_A1_satellite_inherits_head	anchoritic	inherited from head oewn-02588673-a	characterized by ascetic solitude
oewn-09793689-n	n	dul:Person	phase1_propagated	adviser	synset-adviser-noun-1	an expert who gives advice
oewn-01851084-a	a	dul:Quality	phase4_A5_adj_head_default	unprepared	adj.all head default	without preparation; not prepared for
oewn-01258938-v	v	dul:Action	phase3_propagated_from_hypernym	swage	from oewn-01663142-v[tier1_derivation]	form metals with a swage
oewn-02668725-v	v	dul:Process	phase8_re_propagated	co-vary	inherited from revised anchor oewn-00109468-v (dul:Process)	vary in the same time period (of two random variables)
oewn-10339888-n	n	dul:Person	phase1_propagated	minimalist	synset-minimalist-noun-2	a practitioner or advocate of artistic minimalism
oewn-00532114-n	n	dul:Action	phase1_propagated	cancan	synset-cancan-noun-1	a high-kicking dance of French origin performed by a female chorus line
oewn-00136124-r	r	dul:Region	phase4_R7_adv_default	locally	adverb default (quality region)	by a particular locality
oewn-00840824-n	n	dul:Process	phase1_propagated	coprophagy	synset-coprophagy-noun-1	eating feces; in human a symptom of some kinds of insanity
oewn-00395719-v	v	dul:Action	phase3_tier1_derivation	blend	deriv→oewn-14442066-n(marker='the state of')|deriv→oewn-00379793-n(marker='the act of')|deriv→oewn-0	mix together different elements
oewn-02009910-a	a	dul:Quality	phase4_A5_adj_head_default	unrestricted	adj.all head default	not subject to or subjected to restriction
oewn-12726458-n	n	dul:Organism	phase1_propagated	flowering wintergreen	synset-flowering_wintergreen-noun-1	common trailing perennial milkwort of eastern North America having leaves like wintergreen and usually rosy-purple flowers with winged sepals
oewn-02693438-v	v	dul:Event	phase3_tier3_default_event	rim	gloss	run around the rim of
oewn-03304466-n	n	dul:InformationRealization	phase1_propagated	etching	synset-etching-noun-1	an impression made from an etched plate
oewn-02520662-a	a	dul:Quality	phase4_A5_adj_head_default	inviolable	adj.all head default	incapable of being transgressed or dishonored
oewn-00681291-a	a	dul:Quality	phase4_A5_adj_head_default	annual	adj.all head default	completing its life cycle within a year
oewn-01884969-s	s	dul:Quality	phase4_A1_satellite_inherits_head	becoming	inherited from head oewn-01884565-a	according with custom or propriety
oewn-05847533-n	n	coll:InformationCollection	phase1_propagated	kind	synset-kind-noun-1	a category of things distinguished by some common characteristic or quality
oewn-00921876-n	n	dul:System	phase1_propagated	ranching	synset-ranching-noun-1	farming for the raising of livestock (particularly cattle)
oewn-01366529-a	a	dul:Quality	phase4_A5_adj_head_default	joyful	adj.all head default	full of or producing joy
oewn-00406038-s	s	dul:PhysicalAttribute	phase4_A1_satellite_inherits_head	bleached	inherited from head oewn-00405279-a	having lost freshness or brilliance of color
oewn-13454076-n	n	dul:Process	phase1_propagated	antisepsis	synset-antisepsis-noun-2	the process of inhibiting the growth and multiplication of microorganisms
oewn-03626258-n	n	dul:DesignedArtifact	phase1_propagated	kitchen utensil	synset-kitchen_utensil-noun-1	a utensil used in preparing food
oewn-02758989-n	n	dul:DesignedArtifact	phase1_propagated	attic fan	synset-attic_fan-noun-1	a fan that blows heated air out of the attic of a building
oewn-08151789-n	n	dul:Organization	phase1_propagated	Department of Homeland Security	synset-Department_of_Homeland_Security-noun-1	the federal department that administers all matters relating to homeland security
oewn-04723767-n	n	dul:Quality	phase1_propagated	aptness	synset-aptness-noun-2	appropriateness for the occasion
oewn-04149040-n	n	dul:DesignedArtifact	phase1_propagated	scale	synset-scale-noun-7	a measuring instrument for weighing; shows amount of mass
oewn-03096622-n	n	dul:DesignedArtifact	phase1_propagated	conservatory	synset-conservatory-noun-3	a greenhouse in which plants are arranged in a pleasing manner
oewn-10249553-n	n	dul:Person	phase1_propagated	keyboardist	synset-keyboardist-noun-1	a musician who plays a keyboard instrument
oewn-05235350-n	n	dul:BiologicalObject	phase1_propagated	mamillary body	synset-mamillary_body-noun-1	one of two small round structures on the undersurface of the brain that form the terminals of the anterior arches of the fornix
oewn-09763123-n	n	dul:Person	phase1_propagated	Minnesotan	synset-Minnesotan-noun-1	a native or resident of Minnesota
oewn-00367501-n	n	dul:Situation	phase1_propagated	tension	synset-tension-noun-6	the action of stretching something tight
oewn-01630743-s	s	dul:Quality	phase4_A1_satellite_inherits_head	hideous	inherited from head oewn-01628814-a	grossly offensive to decency or morality; causing horror
oewn-10285588-n	n	dul:Person	phase5alt_propagated_from_hypernym	lister	from oewn-10712379-n	assessor who makes out the tax lists
oewn-15081316-n	n	dul:FunctionalSubstance	phase1_propagated	sea spray	synset-sea_spray-noun-1	spray from ocean waves
oewn-00379694-r	r	dul:Region	phase4_R1_adv_manner	sensitively	manner adverb	in a sensitive manner
oewn-00648076-n	n	dul:Action	phase1_propagated	chemical analysis	synset-chemical_analysis-noun-1	the act of decomposing a substance into its constituent elements
oewn-14391054-n	n	dul:Situation	phase1_propagated	elephantiasis scroti	synset-elephantiasis_scroti-noun-1	swelling of the scrotum resulting from chronic lymphatic obstruction
oewn-01919470-s	s	dul:Quality	phase4_A1_satellite_inherits_head	undisciplined	inherited from head oewn-01918994-a	not subjected to discipline
oewn-08123764-n	n	coll:Taxon	phase1_propagated	superclass	synset-superclass-noun-1	(biology) a taxonomic class below a phylum and above a class
oewn-90000231-v	v	dul:Action	phase3_propagated_from_hypernym	follow	from oewn-02214527-v[propagated_from_hypernym]	to be subscribed to updates from another user on social media
oewn-06342274-n	n	coll:Taxon	phase1_propagated	transitive verb	synset-transitive_verb-noun-1	a verb (or verb construction) that requires an object in order to be grammatical
oewn-06605195-n	n	dul:InformationRealization	phase1_propagated	archives	synset-archives-noun-1	collection of records especially about an institution
oewn-02997336-a	a	dul:Quality	phase4_A2_pertainym_default	yogistic	adj.pert head — relational adjective	of or relating to yoga
oewn-01602904-v	v	dul:Process	phase8_re_propagated	coal	inherited from revised anchor oewn-00109468-v (dul:Process)	take in coal
oewn-00560964-s	s	dul:Quality	phase4_A1_satellite_inherits_head	close	inherited from head oewn-00560599-a	crowded
oewn-12864730-n	n	dul:Organism	phase1_propagated	wild basil	synset-wild_basil-noun-1	aromatic herb having heads of small pink or whitish flowers; widely distributed in United States, Europe and Asia
oewn-02503378-a	a	dul:Quality	phase4_A5_adj_head_default	upstage	adj.all head default	of the back half of a stage
oewn-06413845-n	n	dul:InformationRealization	phase1_propagated	web log	synset-web_log-noun-1	a shared on-line journal where people can post diary entries about their personal experiences and hobbies
oewn-09318959-n	n	http://www.ontologydesignpatterns.org/ont/dul/Supplements.owl#DependentPlace	phase1_propagated	gulf	synset-gulf-noun-3	a deep wide chasm
oewn-14526956-n	n	dul:Situation	phase1_propagated	arrested development	synset-arrested_development-noun-1	an abnormal state in which development has stopped prematurely
oewn-06415036-n	n	dul:InformationRealization	phase1_propagated	handwriting	synset-handwriting-noun-1	something written by hand
oewn-05801008-n	n	http://www.ontologydesignpatterns.org/ont/dul/Conceptualization.owl#InternalRepresentation	phase1_propagated	explanation	synset-explanation-noun-2	thought that makes something comprehensible
oewn-02036260-v	v	dul:Action	phase3_tier1_derivation	diverge	deriv→oewn-01006014-n(marker='the act of')|deriv→oewn-01006014-n(marker='the act of')	move or draw apart
oewn-04637315-n	n	dul:Quality	phase5alt_propagated_from_hypernym	stone	from oewn-04636961-n	a lack of feeling or expression or movement
oewn-02233313-v	v	dul:Action	phase3_propagated_from_hypernym	assign	from oewn-02225243-v[propagated_from_hypernym]	transfer one's right to
oewn-03081620-n	n	dul:DesignedArtifact	phase1_propagated	common room	synset-common_room-noun-1	a sitting room (usually at school or university)
oewn-00059339-n	n	dul:Action	phase1_propagated	exit	synset-exit-noun-3	the act of going out
oewn-01222557-v	v	dul:Action	phase3_tier1_derivation	brace	deriv→oewn-01269438-n(marker='the act of')	support or hold steady and make steadfast, with or as if with a brace
oewn-07733459-n	n	dul:FunctionalSubstance	phase1_propagated	hubbard squash	synset-hubbard_squash-noun-2	large football-shaped winter squash with a warty grey-green rind
oewn-00490485-r	r	dul:Region	phase4_R5_adv_degree	unimaginably	degree/intensity marker in gloss	to an unimaginable extent
oewn-06273220-n	n	dul:DesignedArtifact	phase1_propagated	film	synset-film-noun-2	a medium that disseminates moving pictures
oewn-15297557-n	n	dul:TimeInterval	phase1_propagated	halftime	synset-halftime-noun-1	an intermission between the first and second half of a game
oewn-10565349-n	n	dul:Person	phase1_propagated	sadist	synset-sadist-noun-1	someone who obtains pleasure from inflicting pain on others
oewn-05433158-n	n	dul:BiologicalObject	phase1_propagated	vestibular vein	synset-vestibular_vein-noun-1	veins that drain the saccule and utricle
oewn-00112323-n	n	dul:Task	phase1_propagated	jumper	synset-jumper-noun-8	(basketball) a player releases the basketball at the high point of a jump
oewn-14295643-n	n	dul:Situation	phase1_propagated	rinderpest	synset-rinderpest-noun-1	an acute infectious viral disease of cattle (usually fatal); characterized by fever and diarrhea and inflammation of mucous membranes
oewn-10077835-n	n	dul:Person	phase1_propagated	engraver	synset-engraver-noun-2	a printmaker who prints from an engraved printing plate
oewn-03096509-n	n	dul:DesignedArtifact	phase1_propagated	conning tower	synset-conning_tower-noun-1	an armored pilothouse on a warship
oewn-02583461-n	n	dul:Organism	phase1_propagated	horse mackerel	synset-horse_mackerel-noun-2	large elongated compressed food fish of the Atlantic waters of Europe
oewn-07682896-n	n	dul:Person	phase1_propagated	lamb	synset-lamb-noun-4	the flesh of a young domestic sheep eaten as food
oewn-05050245-n	n	dul:Quality	phase1_propagated	defenselessness	synset-defenselessness-noun-1	the property of being helpless in the face of attack
oewn-10230249-n	n	dul:Person	phase1_propagated	interior designer	synset-interior_designer-noun-1	a person who specializes in interior design
oewn-13483883-n	n	dul:Process	phase1_propagated	eponymy	synset-eponymy-noun-1	the derivation of a general name from that of a famous person
oewn-00336814-n	n	dul:Situation	phase1_propagated	jerk	synset-jerk-noun-2	an abrupt spasmodic movement
oewn-05667105-n	n	dul:Quality	phase1_propagated	kinanesthesia	synset-kinanesthesia-noun-1	inability to sense movement
oewn-03104534-a	a	dul:Quality	phase4_A2_pertainym_default	Olympic	adj.pert head — relational adjective	of or relating to the Olympic Games
oewn-04569548-n	n	dul:DesignedArtifact	phase1_propagated	water ski	synset-water_ski-noun-1	broad ski for skimming over water towed by a speedboat
oewn-00481773-s	s	dul:Quality	phase4_A1_satellite_inherits_head	comforted	inherited from head oewn-00481320-a	made comfortable or more comfortable in a time of distress
oewn-02960231-n	n	dul:DesignedArtifact	phase1_propagated	cap opener	synset-cap_opener-noun-1	a bottle opener to pry off caps
oewn-12318912-n	n	dul:Organism	phase1_propagated	marsh pink	synset-marsh_pink-noun-1	any of several pink-flowered marsh plant of the eastern United States resembling a true centaury
oewn-01996016-s	s	dul:Quality	phase4_A1_satellite_inherits_head	unbooked	inherited from head oewn-01995806-a	not reserved in advance
oewn-01638276-v	v	dul:Action	phase3_propagated_from_hypernym	mythologize	from oewn-01637966-v[tier1_derivation]	construct a myth
oewn-14950432-n	n	dul:ChemicalObject	phase1_propagated	ketone	synset-ketone-noun-1	any of a class of organic compounds having a carbonyl group linked to a carbon atom in each of two hydrocarbon radicals
oewn-06156211-n	n	ontopic:Topic	phase1_propagated	paleoethnography	synset-paleoethnography-noun-1	the ethnography of paleolithic humans
oewn-10573055-n	n	dul:Person	phase1_propagated	saver	synset-saver-noun-2	someone who saves (especially money)
oewn-10106590-n	n	dul:Person	phase1_propagated	field marshal	synset-field_marshal-noun-1	an officer holding the highest rank in the army
oewn-13178969-n	n	dul:BiologicalObject	phase1_propagated	elliptic leaf	synset-elliptic_leaf-noun-1	a simple leaf shaped like an ellipse
oewn-13147443-n	n	dul:BiologicalObject	phase1_propagated	root hair	synset-root_hair-noun-1	thin hairlike outgrowth of an epidermal cell just behind the tip; absorbs nutrients from the soil
oewn-01018282-s	s	dul:Quality	phase4_A1_satellite_inherits_head	grey	inherited from head oewn-01017848-a	intermediate in character or position
oewn-15144014-n	n	dul:TimeInterval	phase1_propagated	bout	synset-bout-noun-2	a period of illness
oewn-01751547-n	n	dul:Organism	phase1_propagated	hamadryad	synset-hamadryad-noun-2	large cobra of southeastern Asia and the East Indies; the largest venomous snake; sometimes placed in genus Naja
oewn-01383395-n	n	dul:Organism	phase1_propagated	pneumococcus	synset-pneumococcus-noun-1	bacterium causing pneumonia in mice and humans
oewn-03503925-n	n	dul:DesignedArtifact	phase1_propagated	hatchback	synset-hatchback-noun-1	a car having a hatchback door
oewn-05832637-n	n	http://www.ontologydesignpatterns.org/ont/dul/Conceptualization.owl#InternalRepresentation	phase1_propagated	predictor	synset-predictor-noun-2	information that supports a probabilistic estimate of future events
oewn-10590879-n	n	dul:Person	phase5alt_propagated_from_hypernym	secretary of education	from oewn-10589463-n	the person who holds the secretaryship of the Department of Education
oewn-02542621-a	a	dul:PhysicalAttribute	phase4_A4_physical_attr_keyword	cool	gloss has physical-attribute marker	inducing the impression of coolness; used especially of greens and blues and violets when referring to color
oewn-14585431-n	n	dul:State	phase8_systematic_review_from_phase1_propagated	rancidity	decision D-005045: gloss opens 'the state of' — Silva perdurant marker	the state of being rancid; having a rancid scent or flavor (as of old cooking oil)
oewn-07421074-n	n	dul:Event	phase1_propagated	regurgitation	synset-regurgitation-noun-1	backflow of blood through a defective heart valve
oewn-02244187-v	v	dul:Action	phase3_propagated_from_hypernym	get in	from oewn-02242867-v[tier1_derivation]	secure a place in a college, university, etc.
oewn-84605489-n	n	dul:Person	phase5alt_propagated_from_hypernym	madman	from oewn-10306910-n	a male insane person
oewn-05499911-n	n	dul:BiologicalObject	phase1_propagated	fold	synset-fold-noun-5	a folded part (as in skin or muscle)
oewn-02231341-v	v	dul:Action	phase3_propagated_from_hypernym	dado	from oewn-02332196-v[tier1_derivation]	provide with a dado
oewn-00248716-v	v	dul:Action	phase3_propagated_from_hypernym	proliferate	from oewn-00248276-v[propagated_from_hypernym]	cause to grow or increase rapidly
oewn-14936538-n	n	dul:ChemicalObject	phase1_propagated	hydrochloric acid	synset-muriatic_acid-noun-1	an aqueous solution of hydrogen chloride; a strongly corrosive acid
oewn-06820829-n	n	dul:InformationRealization	phase1_propagated	crossbones	synset-crossbones-noun-1	two crossed bones (or a representation of two crossed bones) used as a symbol danger or death
oewn-04256525-n	n	dul:DesignedArtifact	phase1_propagated	snare drum	synset-snare_drum-noun-1	a small drum with two heads and a snare stretched across the lower head
oewn-02728082-v	v	dul:State	phase3_tier3_gloss_starts_be	figure	gloss	be or play a part of or in
oewn-05408930-n	n	dul:FunctionalSubstance	phase1_propagated	Rh-negative blood type	synset-Rh-negative_blood_type-noun-1	the blood group whose red cells lack the Rh factor (Rh antigen)
oewn-90000031-n	n	dul:InformationRealization	phase8_systematic_review_from_phase5alt_propagated_from_hypernym	post	decision D-010504: gloss describes information-realization explicitly	A message on a social media website
oewn-00412730-n	n	dul:Method	phase1_propagated	formalism	synset-formalism-noun-3	the practice of scrupulous adherence to prescribed or external forms
oewn-14674315-n	n	dul:ChemicalObject	phase1_propagated	plutonium 239	synset-plutonium_239-noun-1	a highly fissionable isotope of plutonium that is used in atomic weapons and as a reactor fuel; produced by irradiating uranium 238 with slow electrons
oewn-00075202-s	s	dul:Quality	phase4_A1_satellite_inherits_head	lifelike	inherited from head oewn-00074954-a	free from artificiality
oewn-03067692-n	n	dul:DesignedArtifact	phase1_propagated	coffeepot	synset-coffeepot-noun-1	tall pot in which coffee is brewed
oewn-07505182-n	n	http://www.ontologydesignpatterns.org/ont/dul/Conceptualization.owl#InternalRepresentation	phase1_propagated	satyriasis	synset-satyriasis-noun-1	abnormally intense sexual desire in men
oewn-04603089-n	n	dul:DesignedArtifact	phase1_propagated	wirework	synset-wirework-noun-1	mesh netting made of wires
oewn-07261731-n	n	dul:InformationRealization	phase8_systematic_review_from_phase1_propagated	promotion	decision D-003486: gloss describes information-realization explicitly	a message issued in behalf of some product or cause or idea or person or institution
oewn-14132058-n	n	dul:Situation	phase1_propagated	atherogenesis	synset-atherogenesis-noun-1	the formation of atheromas on the walls of the arteries as in atherosclerosis
oewn-06599772-n	n	dul:InformationRealization	phase1_propagated	shareware	synset-shareware-noun-1	software that is available free of charge; may be distributed for evaluation with a fee requested for additional features or a manual etc.
oewn-00226974-n	n	dul:Action	phase1_propagated	spasm	synset-spasm-noun-2	(pathology) sudden constriction of a hollow organ (as a blood vessel)
oewn-03139103-a	a	dul:Quality	phase4_A2_pertainym_default	tutorial	adj.pert head — relational adjective	of or relating to tutors or tutoring
oewn-07389653-n	n	dul:Event	phase1_propagated	concoction	synset-concoction-noun-2	an occurrence of an unusual mixture
oewn-02178411-v	v	dul:Action	phase3_propagated_from_hypernym	twang	from oewn-02183962-v[propagated_from_hypernym]	cause to sound with a twang
oewn-01443405-n	n	dul:Organism	phase1_propagated	tench	synset-tench-noun-1	freshwater dace-like game fish of Europe and western Asia noted for ability to survive outside water
oewn-01710347-v	v	dul:Action	phase3_propagated_from_hypernym	score	from oewn-01709353-v[propagated_from_hypernym]	write a musical score for
oewn-92459559-n	n	dul:DesignedArtifact	phase5alt_propagated_from_hypernym	royal yard	from oewn-04618033-n	the yard of the royalmast, on which the royal is set, next above the topgallant.
oewn-01000813-s	s	dul:Quality	phase4_A1_satellite_inherits_head	discriminatory	inherited from head oewn-00999867-a	containing or implying a slight or showing prejudice
oewn-02938249-a	a	dul:Quality	phase4_A2_pertainym_default	automotive	adj.pert head — relational adjective	of or relating to motor vehicles
oewn-00554693-v	v	dul:Achievement	phase8_systematic_review_from_phase3_propagated_from_hypernym	syncretize	decision D-000434: Phase 3.5 rules support dul:Achievement; Phase 3.5 rules R1: R1=gloss_starts_'become'	become fused
oewn-08421692-n	n	dul:Organization	phase1_propagated	general staff	synset-general_staff-noun-1	military officers assigned to assist a senior officer in planning military policy
oewn-11458071-n	n	dul:Event	phase1_propagated	coordinate bond	synset-coordinate_bond-noun-1	a covalent bond in which both electrons are provided by one of the atoms
oewn-13536352-n	n	dul:EventType	phase1_propagated	metaphase	synset-metaphase-noun-2	the second stage of mitosis
oewn-08302960-n	n	dul:Organization	phase1_propagated	training school	synset-training_school-noun-1	a school providing practical vocational and technical training
oewn-06652665-n	n	ontopic:Topic	phase1_propagated	body mass index	synset-body_mass_index-noun-1	a measure of someone's weight in relation to height; to calculate one's BMI, multiply one's weight in pounds and divide that by the square of one's height in inches; overweight is a BMI greater than 2
oewn-85444389-n	n	dul:Person	phase1_propagated	albino	synset-albino-noun-1	an animal with congenital albinism
oewn-12972595-n	n	dul:Organism	phase1_propagated	filmy fern	synset-filmy_fern-noun-2	any fern of the genus Hymenophyllum growing in tropical humid regions and having translucent leaves
oewn-03057257-n	n	dul:FunctionalSubstance	phase1_propagated	clozapine	synset-clozapine-noun-1	an antipsychotic drug (trade name Clozaril) used as a sedative and for treatment-resistant schizophrenia; known to have few side effects
oewn-00609913-n	n	dul:Action	phase1_propagated	lighting	synset-lighting-noun-3	the craft of providing artificial light
oewn-00546451-s	s	dul:Quality	phase4_A1_satellite_inherits_head	afraid	inherited from head oewn-00545823-a	feeling worry or concern or insecurity
oewn-09357302-n	n	dul:PhysicalPlace	phase1_topmapping	land	synset-land-noun-4	the solid part of the earth's surface
oewn-92423612-n	n	dul:Quality	phase5alt_propagated_from_hypernym	Australianness	from oewn-04923519-n	The state or quality of being Australian.
oewn-02889840-n	n	dul:DesignedArtifact	phase1_propagated	brace	synset-brace-noun-9	a structural member used to stiffen a framework
oewn-09874114-n	n	dul:Person	phase1_propagated	bimbo	synset-bimbo-noun-1	a young woman indulged by rich and powerful older men
oewn-15121997-n	n	dul:ChemicalObject	phase1_propagated	whale oil	synset-whale_oil-noun-1	a white to brown oil obtained from whale blubber; formerly used as an illuminant
oewn-00686982-v	v	dul:CognitiveEvent	phase9c_cognitive_reseed	count	verb.cognition.yaml + default cognitive perdurant	include as if by counting
oewn-07669591-n	n	dul:FunctionalSubstance	phase1_propagated	chop	synset-chop-noun-2	a small cut of meat including part of a rib
oewn-06226571-n	n	dul:Situation	phase1_topmapping	reaction	synset-reaction-noun-6	extreme conservatism in political or social matters
oewn-04859981-n	n	dul:Quality	phase1_propagated	nefariousness	synset-nefariousness-noun-1	the quality of being wicked
oewn-03053005-a	a	dul:Quality	phase4_A2_pertainym_default	anaesthetic	adj.pert head — relational adjective	relating to or producing insensibility
oewn-04143416-n	n	dul:PhysicalObject	phase1_propagated	sarong	synset-sarong-noun-1	a loose skirt consisting of brightly colored fabric wrapped around the body; worn by both women and men in the South Pacific
oewn-10753007-n	n	dul:Person	phase5alt_propagated_from_hypernym	turner	from oewn-09786620-n	one of two persons who swing ropes for jumpers to skip over in the game of jump rope
oewn-14355744-n	n	dul:Situation	phase1_propagated	stitch	synset-stitch-noun-2	a sharp spasm of pain in the side resulting from running
oewn-00960855-v	v	dul:Action	phase3_tier1_derivation	perseverate	deriv→oewn-01023521-n(marker='the act of')	repeat a response after the cessation of the original stimulus
oewn-01875925-s	s	dul:Quality	phase4_A1_satellite_inherits_head	lay	inherited from head oewn-01875320-a	not of or from a profession
oewn-02714741-a	a	dul:Quality	phase4_A2_pertainym_default	coreferential	adj.pert head — relational adjective	relating to coreference
oewn-07244001-n	n	ontopic:Topic	phase5alt_propagated_from_hypernym	bow	from oewn-07243631-n	an appearance by actors or performers at the end of the concert or play in order to acknowledge the applause of the audience
oewn-92447444-n	n	dul:Action	phase5alt_propagated_from_hypernym	belittlement	from oewn-01222382-n	the act of making a person or a thing seem little or unimportant.
oewn-00660578-s	s	dul:PhysicalAttribute	phase4_A1_satellite_inherits_head	blockish	inherited from head oewn-00660221-a	resembling a block in shape
oewn-02174748-v	v	dul:Action	phase3_propagated_from_hypernym	listen in	from oewn-02174335-v[tier1_derivation]	listen quietly, without contributing to the conversation
oewn-02681081-v	v	dul:State	phase8_re_propagated	emulate	inherited from revised anchor oewn-02671359-v (dul:State)	imitate the function of (another system), as by modifying the hardware or the software
oewn-00403446-v	v	dul:Action	phase3_tier2_indirect	complicate	peer=oewn-00401333-v(dul:Action)	make more complicated
oewn-04932754-n	n	dul:Quality	phase1_propagated	obsoleteness	synset-obsoleteness-noun-1	the property of being out of date and not current
oewn-02267560-v	v	dul:Action	phase3_tier1_derivation	present	deriv→oewn-01050621-n(marker='the activity of')	hand over formally
oewn-81787827-n	n	dul:Person	phase5alt_propagated_transitively	first basewoman	from oewn-10112257-n (which was propagated)	(baseball) a woman who plays first base
oewn-01643372-s	s	dul:Quality	phase4_A1_satellite_inherits_head	antediluvian	inherited from head oewn-01642580-a	so extremely old as seeming to belong to an earlier period
oewn-00911705-a	a	dul:Quality	phase4_A5_adj_head_default	euphemistic	adj.all head default	of or the nature of euphemism
oewn-10254839-n	n	dul:Person	phase1_propagated	kingpin	synset-kingpin-noun-1	the most important person in a group or undertaking
oewn-12664449-n	n	dul:Organism	phase1_propagated	amarelle	synset-amarelle-noun-1	any of several cultivated sour cherry trees bearing pale red fruit with colorless juice
oewn-14115007-n	n	dul:Situation	phase5alt_propagated_from_hypernym	Friedreich's ataxia	from oewn-14114736-n	sclerosis of the posterior and lateral columns of the spinal cord; characterized by muscular weakness and abnormal gait; occurs in children
oewn-00509856-r	r	dul:Region	phase4_R1_adv_manner	measuredly	manner adverb	in a deliberate unhurried manner
oewn-07773108-n	n	dul:BiologicalObject	phase1_propagated	cherry	synset-cherry-noun-3	a red fruit with a single hard stone
oewn-01510340-s	s	dul:Quality	phase4_A1_satellite_inherits_head	thawed	inherited from head oewn-01509670-a	no longer frozen solid
oewn-02179812-s	s	dul:Quality	phase4_A1_satellite_inherits_head	cleft	inherited from head oewn-02178581-a	having one or more indentations reaching nearly to the midrib
oewn-01606806-v	v	dul:Action	phase3_propagated_from_hypernym	lance	from oewn-01348685-v[tier1_derivation]	open by piercing with a lancet
oewn-07384725-n	n	dul:Event	phase1_propagated	entrance	synset-entrance-noun-2	a movement into or inward
oewn-13730246-n	n	dul:Amount	phase1_propagated	Western Samoan monetary unit	synset-Western_Samoan_monetary_unit-noun-1	monetary unit in Western Samoa
oewn-02094323-s	s	dul:Quality	phase4_A1_satellite_inherits_head	open	inherited from head oewn-02094136-a	not sealed or having been unsealed
oewn-06544086-n	n	dul:InformationRealization	phase1_propagated	act	synset-act-noun-1	a legal document codifying the result of deliberations of a committee or society or legislative body
oewn-03507653-n	n	dul:PhysicalObject	phase1_propagated	headdress	synset-headdress-noun-1	clothing for the head
oewn-00694299-s	s	dul:PhysicalAttribute	phase8_systematic_review_from_phase4_A1_satellite_inherits_head	deep-water	decision D-007257: satellite's gloss has physical-attr keyword; head was generic Quality	of or carried on in waters of great depth
oewn-11965220-n	n	dul:Organism	phase1_propagated	welted thistle	synset-welted_thistle-noun-1	European biennial introduced in North America having flower heads in crowded clusters at ends of branches
oewn-04510146-n	n	dul:DesignedArtifact	phase1_propagated	twenty-two	synset-twenty-two-noun-2	a .22 caliber firearm (pistol or rifle)
oewn-00501486-s	s	dul:Quality	phase4_A1_satellite_inherits_head	Oscan-speaking	inherited from head oewn-00496952-a	able to communicate in Oscan
oewn-02736753-a	a	dul:Quality	phase4_A2_pertainym_default	femoral	adj.pert head — relational adjective	of or relating to or near the femur or thigh
oewn-02855054-n	n	http://www.ontologydesignpatterns.org/ont/dul/Supplements.owl#DependentPart	phase1_propagated	blind curve	synset-blind_curve-noun-1	a curve or bend in the road that you cannot see around as you are driving
oewn-01182121-s	s	dul:Quality	phase4_A1_satellite_inherits_head	windburned	inherited from head oewn-01176433-a	suffering from windburn
oewn-02670109-a	a	dul:Quality	phase4_A2_pertainym_default	basidiomycetous	adj.pert head — relational adjective	pertaining to or characteristic of fungi of the class Basidiomycetes
oewn-11533612-n	n	dul:Event	phase1_propagated	Doppler effect	synset-Doppler_effect-noun-1	change in the apparent frequency of a wave as observer and source move toward or away from each other
oewn-01170419-s	s	dul:Quality	phase4_A1_satellite_inherits_head	organic	inherited from head oewn-01168307-a	simple and healthful and close to nature
oewn-10052249-n	n	dul:Person	phase1_propagated	drawer	synset-drawer-noun-2	the person who writes a check or draft instructing the drawee to pay someone else
oewn-10308999-n	n	dul:Person	phase1_propagated	management consultant	synset-management_consultant-noun-1	adviser to business about efficient management practices
oewn-00282463-v	v	dul:Action	phase3_propagated_from_hypernym	blackwash	from oewn-00284671-v[propagated_from_hypernym]	color with blackwash
oewn-03326364-n	n	dul:DesignedArtifact	phase1_propagated	fanjet	synset-fanjet-noun-1	an airplane propelled by a fanjet engine
oewn-02750182-n	n	dul:DesignedArtifact	phase1_propagated	ashcan	synset-ashcan-noun-1	a bin that holds rubbish until it is collected
oewn-00102859-n	n	dul:Action	phase1_propagated	double stopping	synset-double_stopping-noun-1	stopping two strings and producing two notes at the same time
oewn-07662187-n	n	dul:FunctionalSubstance	phase1_propagated	duck	synset-duck-noun-3	flesh of a duck (domestic or wild)
oewn-13559517-n	n	dul:Process	phase1_propagated	plastination	synset-plastination-noun-1	a process involving fixation and dehydration and forced impregnation and hardening of biological tissues; water and lipids are replaced by curable polymers (silicone or epoxy or polyester) that are su
oewn-12047691-n	n	dul:Organism	phase1_propagated	salsify	synset-salsify-noun-2	Mediterranean biennial herb with long-stemmed heads of purple ray flowers and milky sap and long edible root; naturalized throughout United States
oewn-13830617-n	n	dul:Relation	phase1_propagated	antonymy	synset-antonymy-noun-1	the semantic relation that holds between two words that can (in a given context) express opposite meanings
oewn-02004789-v	v	dul:Action	phase8_re_propagated	marshal	inherited from revised anchor oewn-02372362-v (dul:Action)	lead ceremoniously, as in a procession
oewn-11936936-n	n	dul:Organism	phase1_propagated	achillea	synset-achillea-noun-1	any of several plants of the genus Achillea native to Europe and having small white flowers in flat-topped flower heads
oewn-82008392-n	n	dul:Person	phase5alt_propagated_transitively	alderwoman	from oewn-09801838-n (which was propagated)	a female member of a municipal legislative body (as a city council)
oewn-11676425-n	n	dul:Organism	phase1_propagated	westland pine	synset-westland_pine-noun-1	timber tree of New Zealand having shiny white wood
oewn-09775968-n	n	dul:Person	phase1_propagated	abolitionist	synset-abolitionist-noun-1	a reformer who favors abolishing slavery
oewn-02534026-s	s	dul:Quality	phase4_A1_satellite_inherits_head	compromising	inherited from head oewn-02533434-a	vulnerable to danger especially of discredit or suspicion
oewn-00428752-a	a	dul:Quality	phase4_A5_adj_head_default	nonradioactive	adj.all head default	not radioactive
oewn-00111759-r	r	dul:Region	phase4_R7_adv_default	militarily	adverb default (quality region)	with respect to the military
oewn-00595853-n	n	dul:Action	phase1_propagated	magistracy	synset-magistracy-noun-1	the position of magistrate
oewn-02692820-n	n	dul:PhysicalPlace	phase1_propagated	air-intake	synset-air-intake-noun-1	a duct that admits air to be mixed with fuel
oewn-03258101-n	n	dul:PhysicalPlace	phase1_propagated	duct	synset-duct-noun-3	an enclosed conduit for a fluid
oewn-10534022-n	n	dul:Person	phase1_propagated	referee	synset-referee-noun-1	(sports) the chief official (as in boxing or American football) who is expected to ensure fair play
oewn-06838913-n	n	dul:InformationRealization	phase1_propagated	bicameral script	synset-bicameral_script-noun-1	a script having two distinct cases
oewn-07717342-n	n	dul:FunctionalSubstance	phase1_propagated	couscous	synset-couscous-noun-2	a pasta made in northern Africa of crushed and steamed semolina
oewn-00417927-n	n	dul:Method	phase1_propagated	unwritten law	synset-unwritten_law-noun-1	law based on customary behavior
oewn-09279178-n	n	dul:FunctionalSubstance	phase1_propagated	coprolite	synset-coprolite-noun-1	fossil excrement; petrified dung
oewn-02279401-n	n	dul:Organism	phase1_propagated	white admiral	synset-white_admiral-noun-2	Eurasian butterfly with brown wings and white markings
oewn-07331203-n	n	dul:EventType	phase1_propagated	plague	synset-plague-noun-4	any large scale calamity (especially when thought to be sent by God)
oewn-14989310-n	n	dul:ChemicalObject	phase1_propagated	cellulose acetate	synset-cellulose_acetate-noun-1	an ester of acetic acid; used in fibers and fabrics; photographic films and varnishes
oewn-00779033-v	v	dul:Action	phase3_propagated_from_hypernym	hex	from oewn-02592550-v[propagated_from_hypernym]	cast a spell over someone or something; put a hex on someone or something
oewn-09915013-n	n	dul:Person	phase1_propagated	caregiver	synset-caregiver-noun-2	a person who is responsible for attending to the needs of a child or dependent adult
oewn-09246394-n	n	dul:PhysicalBody	phase1_propagated	bladder stone	synset-bladder_stone-noun-1	a calculus formed in the bladder
oewn-13894356-n	n	dul:SpaceRegion	phase1_propagated	diameter	synset-diameter-noun-2	a straight line connecting the center of a circle with two points on its perimeter (or the center of a sphere with two points on its surface)
oewn-00931247-n	n	dul:Action	phase1_propagated	object-oriented programming	synset-object-oriented_programming-noun-1	creating a program that can use and support objects
oewn-07325733-n	n	dul:Event	phase1_propagated	change of location	synset-change_of_location-noun-1	a movement through space that changes the location of something
oewn-07320525-n	n	dul:EventType	phase1_propagated	hell	synset-hell-noun-2	a cause of difficulty and suffering
oewn-04979195-n	n	dul:Quality	phase1_propagated	brown	synset-brown-noun-1	an orange of low brightness and saturation
oewn-15092849-n	n	dul:ChemicalObject	phase1_propagated	telomerase	synset-telomerase-noun-1	an enzyme in eukaryotic cells that can add telomeres to the ends of chromosomes after they divide
oewn-09918344-n	n	dul:Person	phase1_propagated	case	synset-case-noun-6	a person requiring professional services
oewn-01258711-n	n	dul:Action	phase1_propagated	yodeling	synset-yodeling-noun-1	singing by changing back and forth between the chest voice and a falsetto
oewn-02902184-a	a	dul:Quality	phase4_A2_pertainym_default	mechanical	adj.pert head — relational adjective	relating to or governed by or in accordance with mechanics
oewn-06567838-n	n	dul:InformationRealization	phase1_propagated	writ of election	synset-writ_of_election-noun-1	a writ ordering the holding of an election
oewn-02618797-a	a	dul:Quality	phase4_A2_pertainym_default	agranulocytic	adj.pert head — relational adjective	relating to the blood disorder of agranulocytosis
oewn-13880801-n	n	dul:Relation	phase1_propagated	reverse	synset-reverse-noun-1	a relation of direct opposition
oewn-06526084-n	n	dul:InformationRealization	phase1_propagated	history	synset-history-noun-2	a record or narrative description of past events
oewn-10812496-n	n	dul:Person	phase1_propagated	wrecker	synset-wrecker-noun-1	someone who demolishes or dismantles buildings as a job
oewn-13763838-n	n	dul:Amount	phase1_propagated	decimal digit	synset-decimal_digit-noun-1	a digit from 0 to 9 in decimal notation
oewn-13707070-n	n	dul:Amount	phase1_propagated	lempira	synset-lempira-noun-1	the basic unit of money in Honduras; equal to 100 centavos
oewn-12373361-n	n	dul:Organism	phase1_propagated	Japanese banana	synset-Japanese_banana-noun-1	Asiatic banana plant cultivated especially as a foliage plant in Japan
oewn-07941074-n	n	dul:FunctionalSubstance	phase1_propagated	orange juice	synset-orange_juice-noun-1	bottled or freshly squeezed juice of oranges
oewn-02995666-n	n	dul:DesignedArtifact	phase1_propagated	cello	synset-cello-noun-1	a large stringed instrument; seated player holds it upright while playing
oewn-11855123-n	n	dul:Organism	phase1_propagated	saltwort	synset-saltwort-noun-1	bushy plant of Old World salt marshes and sea beaches having prickly leaves; burned to produce a crude soda ash
oewn-08494175-n	n	coll:AgentCollection	phase1_propagated	unconfessed	synset-unconfessed-noun-1	people who have not confessed
oewn-14524403-n	n	dul:Situation	phase1_propagated	rummage	synset-rummage-noun-1	a jumble of things to be given away
oewn-13946252-n	n	dul:Situation	phase1_propagated	conditions	synset-conditions-noun-1	the prevailing context that influences the performance or the outcome of a process
oewn-00894463-s	s	dul:Quality	phase4_A1_satellite_inherits_head	even	inherited from head oewn-00893124-a	equal in degree or extent or amount; or equally matched or balanced
oewn-02480870-n	n	dul:Organism	phase1_propagated	rudapithecus	synset-rudapithecus-noun-1	fossil hominoids from northern central Hungary; late Miocene
oewn-08138092-n	n	dul:Organization	phase1_propagated	fire department	synset-fire_department-noun-1	the department of local government responsible for preventing and extinguishing fires
oewn-02744251-a	a	dul:Quality	phase4_A2_pertainym_default	gastroesophageal	adj.pert head — relational adjective	of or relating to or involving the stomach and esophagus
oewn-14061298-n	n	dul:Situation	phase1_propagated	cybersex	synset-cybersex-noun-1	sexual arousal involving communication on the internet
oewn-02650706-v	v	dul:Action	phase3_tier1_derivation	override	deriv→oewn-00232434-n(marker='the act of')	prevail over
oewn-09742978-n	n	dul:Person	phase1_propagated	Moroccan	synset-Moroccan-noun-1	a native or inhabitant of Morocco
oewn-13632230-n	n	dul:Amount	phase1_propagated	circular measure	synset-circular_measure-noun-1	measurement of angles in radians
oewn-03135689-n	n	dul:DesignedArtifact	phase1_propagated	crest	synset-crest-noun-4	(heraldry) in medieval times, an emblem used to decorate a helmet
oewn-02191314-v	v	dul:Action	phase8_systematic_review_from_phase3_tier3_default_event	splash	decision D-001105: Phase 3.5 rules support dul:Action; Phase 3.5 rules R2: R2=dul:Action_signals:1	make a splashing sound
oewn-02540759-v	v	dul:Action	phase3_tier1_derivation	chase	deriv→oewn-00320765-n(marker='the act of')	pursue someone sexually or romantically
oewn-13343780-n	n	dul:Right	phase1_propagated	mintage	synset-mintage-noun-2	fee paid to a mint by the government for minting a coin
oewn-13794160-n	n	dul:Amount	phase1_propagated	dollop	synset-dollop-noun-1	a small measure (usually of food)
oewn-01048429-s	s	dul:Quality	phase4_A1_satellite_inherits_head	free-and-easy	inherited from head oewn-01047939-a	natural and unstudied
oewn-04803974-n	n	dul:Quality	phase1_propagated	unexpectedness	synset-unexpectedness-noun-1	extraordinariness by virtue of being unexpected
oewn-10109548-n	n	dul:Person	phase1_propagated	finalist	synset-finalist-noun-1	a contestant who reaches the final stages of a competition
oewn-01146273-n	n	dul:Action	phase1_propagated	redeployment	synset-redeployment-noun-1	the withdrawal and redistribution of forces in an attempt to use them more effectively
oewn-00535381-n	n	dul:Situation	phase1_propagated	glissade	synset-glissade-noun-1	(ballet) a gliding or sliding step in ballet
oewn-07977993-n	n	dul:FunctionalSubstance	phase1_propagated	clew	synset-clew-noun-1	a ball of yarn or cord or thread
oewn-03160737-n	n	dul:DesignedArtifact	phase1_propagated	cyclotron	synset-cyclotron-noun-1	an accelerator that imparts energies of several million electron-volts to rapidly moving particles
oewn-10792794-n	n	dul:Person	phase1_propagated	weeper	synset-weeper-noun-1	a person who weeps
oewn-02932421-a	a	dul:Quality	phase4_A2_pertainym_default	Anglo-catholic	adj.pert head — relational adjective	supporting the Anglican Church
oewn-11697936-n	n	dul:BiologicalObject	phase1_propagated	stylopodium	synset-stylopodium-noun-1	an enlargement at the base of the style in some Umbelliferae
oewn-01325188-s	s	dul:Quality	phase4_A1_satellite_inherits_head	conscience-smitten	inherited from head oewn-01323940-a	affected by conscience
oewn-05895546-n	n	dul:Theory	phase1_propagated	Pauli exclusion principle	synset-Pauli_exclusion_principle-noun-1	no two electrons or protons or neutrons in a given system can be in states characterized by the same set of quantum numbers
oewn-07549496-n	n	http://www.ontologydesignpatterns.org/ont/dul/Conceptualization.owl#InternalRepresentation	phase1_propagated	forlornness	synset-forlornness-noun-1	sadness resulting from being forsaken or abandoned
oewn-02070859-n	n	dul:Organism	phase1_propagated	beaked whale	synset-beaked_whale-noun-1	any of several whales inhabiting all oceans and having beaklike jaws with vestigial teeth in the upper jaw
oewn-06604625-n	n	dul:DesignedArtifact	phase1_propagated	tribute album	synset-tribute_album-noun-1	concept album compiling a performer's work or work supporting some worthy cause
oewn-02660104-a	a	dul:Quality	phase4_A2_pertainym_default	autoimmune	adj.pert head — relational adjective	of or relating to the immune response of the body against substance normally present in the body
oewn-00069492-s	s	dul:Quality	phase4_A1_satellite_inherits_head	oxidative	inherited from head oewn-00069175-a	taking place in the presence of oxygen
oewn-05607524-n	n	dul:BiologicalObject	phase1_propagated	double chin	synset-double_chin-noun-1	a fold of fatty tissue under the chin
oewn-03882030-n	n	dul:PhysicalObject	phase1_propagated	painter	synset-painter-noun-3	a line that is attached to the bow of a boat and used for tying up (as when docking or towing)
oewn-01037919-v	v	dul:Event	phase8_re_propagated	whore	inherited from revised anchor oewn-01037402-v (dul:Event)	compromise oneself for money or other gains
oewn-02651091-v	v	dul:Event	phase3_tier3_default_event	total	gloss	add up in number or quantity
oewn-02958501-n	n	dul:PhysicalObject	phase1_propagated	cap	synset-cap-noun-4	something serving as a cover or protection
oewn-07893387-n	n	dul:FunctionalSubstance	phase1_propagated	steak and kidney pie	synset-steak_and_kidney_pie-noun-1	steak with sauteed kidneys and onions cooked in wine and stock then covered with pastry and baked
oewn-02769408-v	v	dul:Action	phase3_propagated_from_hypernym	shimmer	from oewn-02769698-v[propagated_from_hypernym]	shine with a weak or fitful light
oewn-00119074-v	v	dul:Process	phase8_systematic_review_from_phase3_propagated_from_hypernym	speciate	decision D-001104: Phase 3.5 rules support dul:Process; Phase 3.5 rules R2: R2=dul:Process_signals:2	evolve so as to lead to a new species or develop in a way most suited to the environment
oewn-15026454-n	n	dul:FunctionalSubstance	phase1_propagated	vat dye	synset-vat_dye-noun-1	a water-insoluble dye that is applied by reducing the dye to an alkaline form, applying the dye, then regenerating the insoluble dye by oxidation in the material; used for dyeing cotton
oewn-02678923-v	v	dul:Action	phase3_propagated_from_hypernym	balance	from oewn-00457695-v[propagated_from_hypernym]	bring into balance or equilibrium
oewn-10284978-n	n	dul:Person	phase1_propagated	lion-hunter	synset-lion-hunter-noun-1	someone who tries to attract social lions as guests
oewn-02720606-v	v	dul:Action	phase3_propagated_from_hypernym	protuberate	from oewn-00772482-v[tier1_derivation]	cause to bulge out or project
oewn-00005436-r	r	dul:Region	phase4_R1_adv_manner	plainly	manner adverb	in a simple manner; without extravagance or embellishment
oewn-05684320-n	n	http://www.ontologydesignpatterns.org/ont/dul/Conceptualization.owl#InternalRepresentation	phase1_propagated	incognizance	synset-incognizance-noun-1	a lack of knowledge or recognition
oewn-01645896-n	n	dul:Organism	phase1_propagated	robber frog	synset-robber_frog-noun-2	small terrestrial frog of tropical America
oewn-00956640-v	v	dul:Action	phase3_propagated_from_hypernym	publicize	from oewn-00954556-v[propagated_from_hypernym]	make public
oewn-06667722-n	n	ontopic:Topic	phase1_propagated	standing order	synset-standing_order-noun-1	a rule of order permanently in force
oewn-02573098-s	s	dul:PhysicalAttribute	phase8_systematic_review_from_phase4_A1_satellite_inherits_head	narrowed	decision D-007414: satellite's gloss has physical-attr keyword; head was generic Quality	reduced in size as by squeezing together
oewn-00301770-v	v	dul:Action	phase3_propagated_from_hypernym	habilitate	from oewn-00301542-v[tier2_indirect]	qualify for teaching at a university in Europe
oewn-00288497-v	v	dul:Action	phase3_propagated_from_hypernym	imbue	from oewn-00284671-v[propagated_from_hypernym]	suffuse with color
oewn-04197419-n	n	dul:DesignedArtifact	phase1_propagated	shelf bracket	synset-shelf_bracket-noun-1	a bracket to support a shelf
oewn-14682725-n	n	dul:ChemicalObject	phase1_propagated	thulium	synset-thulium-noun-1	a soft silvery metallic element of the rare earth group; isotope 170 emits X-rays and is used in small portable X-ray machines; it occurs in monazite and apatite and xenotime
oewn-00931801-v	v	dul:Action	phase3_propagated_from_hypernym	imply	from oewn-00945869-v[propagated_from_hypernym]	express or state indirectly
oewn-05953535-n	n	coll:InformationCollection	phase1_propagated	philosophy	synset-philosophy-noun-3	any personal belief about how to live or how to deal with a situation
oewn-14015679-n	n	dul:Situation	phase1_propagated	academic freedom	synset-academic_freedom-noun-1	the freedom of teachers and students to express their ideas in school without religious or political or institutional restrictions
oewn-14408201-n	n	dul:Situation	phase1_propagated	zoophobia	synset-zoophobia-noun-1	a morbid fear of animals
oewn-13421971-n	n	dul:Right	phase1_propagated	charge	synset-charge-noun-8	financial liabilities (such as a tax)
oewn-02539213-s	s	dul:Quality	phase4_A1_satellite_inherits_head	unclaimed	inherited from head oewn-02537893-a	not claimed or called for by an owner or assignee
oewn-13347997-n	n	dul:Right	phase1_propagated	linage	synset-linage-noun-2	a rate of payment for written material that is measured according to the number of lines submitted
oewn-08174304-n	n	coll:GeneticCollection	phase1_propagated	Qing	synset-Qing-noun-1	the last imperial dynasty of China (from 1644 to 1912) which was overthrown by revolutionaries; during the Qing dynasty China was ruled by the Manchu
oewn-00021547-v	v	dul:Action	phase3_propagated_from_hypernym	etherize	from oewn-00021058-v[propagated_from_hypernym]	anesthetize with ether
oewn-07464655-n	n	dul:Event	phase1_propagated	luau	synset-luau-noun-1	an elaborate Hawaiian feast or party (especially one accompanied by traditional foods and entertainment)
oewn-06321703-n	n	dul:InformationObject	phase1_propagated	indirect object	synset-indirect_object-noun-1	the object that is the recipient or beneficiary of the action of the verb
oewn-02610312-v	v	dul:State	phase3_tier3_gloss_starts_be	kick around	gloss	be around; be alive or active
oewn-03727081-n	n	dul:DesignedArtifact	phase1_propagated	marina	synset-marina-noun-1	a fancy dock for small yachts and cabin cruisers
oewn-14504664-n	n	dul:FunctionalSubstance	phase8_systematic_review_from_phase1_propagated	gas	decision D-004963: gloss opens 'the state of' — Silva perdurant marker	the state of matter distinguished from the solid and liquid states by: relatively low density and viscosity; relatively great expansion and contraction with changes in pressure and temperature; the ab
oewn-03716684-n	n	dul:PhysicalPlace	phase1_propagated	main	synset-main-noun-2	a principal pipe in a system that distributes water or gas or electricity or that collects sewage
oewn-01196589-a	a	dul:PhysicalAttribute	phase4_A4_physical_attr_keyword	light	gloss has physical-attribute marker	of the military or industry; using (or being) relatively small or light arms or equipment
oewn-08212263-n	n	dul:Organization	phase1_propagated	League of Nations	synset-League_of_Nations-noun-1	an international organization formed in 1920 to promote cooperation and peace among nations; although suggested by Woodrow Wilson, the United States never joined and it remained powerless; it was diss
oewn-01485535-a	a	dul:Quality	phase4_A5_adj_head_default	unmarried	adj.all head default	not married or related to the unmarried state
oewn-12884920-n	n	dul:Organism	phase1_propagated	rosemary	synset-rosemary-noun-1	widely cultivated for its fragrant grey-green leaves used in cooking and in perfumery
oewn-15066360-n	n	dul:FunctionalSubstance	phase1_propagated	silicon bronze	synset-silicon_bronze-noun-1	a bronze with 2-3% silicon that is resistant to corrosion
oewn-02472545-n	n	dul:Organism	phase1_propagated	primate	synset-primate-noun-2	any placental mammal of the order Primates; has good eyesight and flexible hands and feet
oewn-00505079-r	r	dul:Region	phase4_R1_adv_manner	haggardly	manner adverb	in a haggard manner
oewn-92430061-n	n	dul:Collection	phase5alt_propagated_from_hypernym	Polishness	from oewn-04930920-n	The quality or state of being Polish.
oewn-14394131-n	n	dul:Situation	phase1_propagated	hyphema	synset-hyphema-noun-1	bleeding into the interior chamber of the eye
oewn-04510888-n	n	dul:DesignedArtifact	phase1_propagated	twist bit	synset-twist_bit-noun-1	a bit or drill having deep helical grooves
oewn-00371917-v	v	dul:Process	phase3_tier2_indirect	heat	peer=oewn-00371065-v(dul:Process)	make hot or hotter
oewn-14088725-n	n	dul:Situation	phase1_propagated	nicotine addiction	synset-nicotine_addiction-noun-1	an addiction to nicotine
oewn-00394569-a	a	dul:PhysicalAttribute	phase4_A4_physical_attr_keyword	saturated	gloss has physical-attribute marker	(of color) being chromatically pure; not diluted with white or grey or black
oewn-08486468-n	n	dul:Collective	phase1_propagated	naturalism	synset-naturalism-noun-2	an artistic movement in 19th century France; artists and writers strove for detailed realistic and factual description
oewn-92463023-n	n	ontopic:Topic	phase5alt_propagated_from_hypernym	self-mockery	from oewn-06729173-n	gentle humour at one's own expense.
oewn-07705764-n	n	dul:FunctionalSubstance	phase1_propagated	frankfurter bun	synset-frankfurter_bun-noun-1	a long bun shaped to hold a frankfurter
oewn-01244328-s	s	dul:PhysicalAttribute	phase8_systematic_review_from_phase4_A1_satellite_inherits_head	slack	decision D-007289: satellite's gloss has physical-attr keyword; head was generic Quality	flowing with little speed as e.g. at the turning of the tide
oewn-00218901-v	v	dul:Action	phase3_tier2_indirect	dry	peer=oewn-00215377-v(dul:Action)	remove the moisture from and make dry
oewn-13577712-n	n	dul:Process	phase1_propagated	slump	synset-slump-noun-1	a noticeable deterioration in performance or quality
oewn-03135412-n	n	dul:DesignedArtifact	phase1_propagated	crepe de Chine	synset-crepe_de_Chine-noun-1	a very thin crepe of silk or silklike fabric
oewn-00427107-s	s	dul:Quality	phase4_A1_satellite_inherits_head	foul-mouthed	inherited from head oewn-00425889-a	using foul or obscene language
oewn-01355509-v	v	dul:Action	phase3_propagated_from_hypernym	screw	from oewn-00421085-v[tier1_derivation]	tighten or fasten by means of screwing motions
oewn-14744399-n	n	dul:FunctionalSubstance	phase1_propagated	alpha-beta brass	synset-alpha-beta_brass-noun-1	a brass that has more zinc and is stronger than alpha brass; used in making castings and hot-worked products
oewn-01305377-v	v	dul:Action	phase3_propagated_from_hypernym	closet	from oewn-01349980-v[propagated_from_hypernym]	confine to a small space, as for intensive work
oewn-01638768-n	n	dul:Organism	phase1_propagated	lungless salamander	synset-lungless_salamander-noun-1	mostly terrestrial salamanders that breathe through their thin moist skin; lay eggs in moist places on land; rarely enter water
oewn-14512697-n	n	dul:Situation	phase1_propagated	depression	synset-depression-noun-2	a long-term economic state characterized by unemployment and low prices and low levels of trade and investment
oewn-09755345-n	n	dul:Person	phase1_propagated	Karakalpak	synset-Karakalpak-noun-1	a member of a Turkic people living near Lake Aral in central Asia
oewn-00440307-a	a	dul:Quality	phase4_A5_adj_head_default	inclement	adj.all head default	(of weather or climate) severe
oewn-00362917-s	s	dul:Quality	phase4_A1_satellite_inherits_head	easy	inherited from head oewn-00362589-a	casual and unrestrained in sexual behavior
oewn-05121671-n	n	dul:Quality	phase1_propagated	deficit	synset-deficit-noun-1	the property of being an amount by which something is less than expected or required
oewn-05253118-n	n	dul:Quality	phase1_propagated	blackhead	synset-blackhead-noun-1	a black-tipped plug clogging a pore of the skin
oewn-15317965-n	n	dul:TimeInterval	phase1_propagated	day shift	synset-day_shift-noun-1	the work shift during the day (as 8 a.m. to 4 p.m.)
oewn-02662486-v	v	dul:Action	phase3_propagated_from_hypernym	shelter	from oewn-02332196-v[tier1_derivation]	provide shelter for
oewn-06754423-n	n	ontopic:Topic	phase1_propagated	extenuation	synset-extenuation-noun-1	a partial excuse to mitigate censure; an attempt to represent an offense as less serious than it appears by showing mitigating circumstances
oewn-06993745-n	n	dul:InformationObject	phase5alt_propagated_from_hypernym	Pengo	from oewn-06993125-n	a Dravidian language spoken in south central India, particularly in Odisha
oewn-08186969-n	n	dul:System	phase1_propagated	Weimar Republic	synset-Weimar_Republic-noun-1	the German republic founded at Weimar in 1919
oewn-11686099-n	n	dul:Organism	phase1_propagated	angiocarp	synset-angiocarp-noun-1	tree bearing fruit enclosed in a shell or involucre or husk
oewn-05733214-n	n	http://www.ontologydesignpatterns.org/ont/dul/Conceptualization.owl#InternalRepresentation	phase1_propagated	twinge	synset-twinge-noun-2	a sharp stab of pain
oewn-02019253-s	s	dul:Quality	phase4_A1_satellite_inherits_head	awed	inherited from head oewn-02018906-a	inspired by a feeling of fearful wonderment or reverence
oewn-13459261-n	n	dul:Process	phase1_propagated	bed-wetting	synset-bed-wetting-noun-1	enuresis during sleep; especially common in children (who usually outgrow it)
oewn-02477113-v	v	dul:Action	phase3_tier1_derivation	register	deriv→oewn-00050857-n(marker='the act of')	record in writing; enter into a book of names or events or transactions
oewn-14735358-n	n	dul:ChemicalObject	phase1_propagated	acetamide	synset-acetamide-noun-1	a colorless solid amide of acetic acid used as a solvent and in the synthesis of organic compounds
oewn-10514520-n	n	dul:Person	phase1_propagated	pursuer	synset-pursuer-noun-1	a person who is pursuing and trying to overtake or capture
oewn-14942174-n	n	dul:Substance	phase5alt_propagated_from_hypernym	printer's ink	from oewn-14941786-n	a semisolid quick drying ink made especially for use in printing
oewn-07316885-n	n	dul:EventType	phase1_propagated	derailment	synset-derailment-noun-1	an accident in which a train runs off its track
oewn-00535174-v	v	dul:Action	phase3_propagated_from_hypernym	laicize	from oewn-00126072-v[tier1_derivation]	reduce to lay status
oewn-01079274-n	n	dul:Action	phase8_systematic_review_from_phase1_propagated	prevention	decision D-001997: gloss opens 'the act of' — Silva perdurant marker	the act of preventing
oewn-02618645-v	v	dul:Event	phase8_systematic_review_from_phase3_propagated_from_hypernym	collocate	decision D-000653: Phase 3.5 rules support dul:Event; Phase 3.5 rules R2: R2=dul:Event_signals:1	have a strong tendency to occur side by side
oewn-14072329-n	n	dul:Situation	phase1_propagated	placenta previa	synset-placenta_previa-noun-1	pregnancy in which the placenta is implanted in the lower part of the uterus (instead of the upper part); can cause bleeding late in pregnancy; delivery by cesarean section may be necessary
oewn-04405823-n	n	dul:DesignedArtifact	phase1_propagated	teaspoon	synset-teaspoon-noun-2	a small spoon used for stirring tea or coffee; holds about one fluid dram
oewn-00484941-r	r	dul:Region	phase4_R7_adv_default	unalterably	adverb default (quality region)	in an unalterable and unchangeable manner
oewn-09774572-n	n	dul:Person	phase1_propagated	absconder	synset-absconder-noun-1	a fugitive who runs away and hides to avoid arrest or prosecution
oewn-00602976-v	v	dul:CognitiveState	phase9c_cognitive_reseed	welter	verb.cognition.yaml + stative gloss pattern	be immersed in
oewn-14924493-n	n	dul:FunctionalSubstance	phase1_propagated	blood agar	synset-blood_agar-noun-1	a culture medium containing whole blood as the nutrient
oewn-05679520-n	n	dul:Situation	phase1_propagated	personal business	synset-personal_business-noun-1	matters of personal concern
oewn-00989957-s	s	dul:Quality	phase4_A1_satellite_inherits_head	chubby	inherited from head oewn-00989218-a	sufficiently fat so as to have a pleasing fullness of figure
oewn-85171086-n	n	dul:Person	phase5alt_propagated_transitively	signalwoman	from oewn-10616499-n (which was propagated)	a female railroad employee in charge of signals and point in a railroad yard
oewn-03031188-n	n	dul:DesignedArtifact	phase1_propagated	chuck wagon	synset-chuck_wagon-noun-1	a wagon equipped with a cookstove and provisions (for cowboys)
oewn-14555744-n	n	dul:Situation	phase1_propagated	food allergy	synset-food_allergy-noun-1	allergic reaction to a substance ingested in food
oewn-01948326-n	n	dul:Organism	phase1_propagated	slug	synset-slug-noun-7	any of various terrestrial gastropods having an elongated slimy body and no external shell
oewn-01354915-a	a	dul:Quality	phase4_A5_adj_head_default	intrusive	adj.all head default	tending to intrude (especially upon privacy)
oewn-01727840-v	v	dul:Action	phase3_propagated_from_hypernym	parody	from oewn-01723161-v[propagated_from_hypernym]	make a spoof of or make fun of
oewn-04196859-n	n	dul:DesignedArtifact	phase1_propagated	Sheetrock	synset-Sheetrock-noun-1	a kind of plasterboard
oewn-07225461-n	n	dul:Action	phase1_propagated	grievance	synset-grievance-noun-3	a complaint about a (real or imaginary) wrong that causes resentment and is grounds for action
oewn-02965850-n	n	dul:DesignedArtifact	phase1_propagated	car carrier	synset-car_carrier-noun-1	a trailer that can be loaded with new cars for delivery to sales agencies
oewn-00269243-r	r	dul:Region	phase4_R5_adv_degree	andante	degree/intensity marker in gloss	at a moderately slow tempo
oewn-03052845-a	a	dul:Quality	phase4_A2_pertainym_default	anemic	adj.pert head — relational adjective	relating to anemia or suffering from anemia
oewn-00409329-r	r	dul:Region	phase4_R1_adv_manner	nattily	manner adverb	in a natty manner; with smartness
oewn-01494998-n	n	dul:Organism	phase1_propagated	smooth dogfish	synset-smooth_dogfish-noun-1	small bottom-dwelling shark found along both Atlantic coasts
oewn-04300588-n	n	dul:FunctionalSubstance	phase1_propagated	squib	synset-squib-noun-1	firework consisting of a tube filled with powder (as a broken firecracker) that burns with a fizzing noise
oewn-03144115-n	n	dul:DesignedArtifact	phase1_propagated	crown jewels	synset-crown_jewels-noun-1	regalia (jewelry and other paraphernalia) worn by a sovereign on state occasions
oewn-13142108-n	n	dul:Organism	phase1_propagated	mesophyte	synset-mesophyte-noun-1	land plant growing in surroundings having an average supply of water; compare xerophyte and hydrophyte
oewn-02476741-n	n	dul:Organism	phase1_propagated	Homo soloensis	synset-Homo_soloensis-noun-1	extinct primitive hominid of late Pleistocene; Java; formerly Javanthropus
oewn-02764357-v	v	dul:Action	phase3_propagated_from_hypernym	sluice	from oewn-02763991-v[propagated_from_hypernym]	pour as if from a sluice
oewn-10545453-n	n	dul:Person	phase1_propagated	returning officer	synset-returning_officer-noun-1	the official in each electorate who holds the election and returns the results
oewn-10585500-n	n	dul:Person	phase1_propagated	sculptor	synset-sculptor-noun-1	an artist who creates sculptures
oewn-00501228-s	s	dul:Quality	phase4_A1_satellite_inherits_head	nonverbal	inherited from head oewn-00496952-a	lacking verbal skill
oewn-04582147-n	n	dul:DesignedArtifact	phase1_propagated	wheat future	synset-wheat_future-noun-1	wheat bought or sold at an agreed price for delivery at a specified future date
oewn-92423554-n	n	dul:State	phase8_systematic_review_from_phase5alt_propagated_from_hypernym	casualness	decision D-010561: gloss opens 'the state of' — Silva perdurant marker	The state of coming without regularity; of being occasional or incidental.
oewn-14909114-n	n	dul:ChemicalObject	phase1_propagated	glyceric acid	synset-glyceric_acid-noun-1	a syrupy acid obtained by oxidation of glycerol or glyceraldehyde
oewn-11646083-n	n	dul:Organism	phase1_propagated	white spruce	synset-white_spruce-noun-1	medium-sized spruce of northeastern North America having short blue-green leaves and slender cones
oewn-01517273-s	s	dul:Quality	phase4_A1_satellite_inherits_head	shitless	inherited from head oewn-01513206-a	(used as complement) to the utmost degree
oewn-01457247-v	v	dul:Action	phase3_propagated_from_hypernym	tug	from oewn-01457042-v[tier1_derivation]	tow (a vessel) with a tug
oewn-00262990-a	a	dul:Quality	phase4_A5_adj_head_default	brachycephalic	adj.all head default	having a short broad head with a cephalic index of over 80
oewn-04169660-n	n	http://www.ontologydesignpatterns.org/ont/dul/Supplements.owl#DependentPart	phase1_propagated	seat	synset-seat-noun-8	a part of a machine that supports or guides another part
oewn-01584261-s	s	dul:Quality	phase4_A1_satellite_inherits_head	immediate	inherited from head oewn-01584016-a	immediately before or after as in a chain of cause and effect
oewn-02720416-v	v	dul:Action	phase3_propagated_from_hypernym	protuberate	from oewn-02720235-v[propagated_from_hypernym]	form a rounded prominence
oewn-13690013-n	n	dul:Amount	phase5alt_propagated_from_hypernym	real	from oewn-13689902-n	the basic unit of money in Brazil; equal to 100 centavos
oewn-02062786-n	n	dul:Organism	phase1_propagated	fulmar	synset-fulmar-noun-1	heavy short-tailed oceanic bird of polar regions
oewn-13033733-n	n	dul:Organism	phase1_propagated	Chlorophyllum molybdites	synset-Chlorophyllum_molybdites-noun-1	a poisonous agaric with a fibrillose cap and brown scales on a white ground color; cap can reach a diameter of 30 cm; often forms ‘fairy rings’
oewn-10695315-n	n	dul:Person	phase1_propagated	superior	synset-superior-noun-2	the head of a religious community
oewn-05803342-n	n	http://www.ontologydesignpatterns.org/ont/dul/Conceptualization.owl#InternalRepresentation	phase1_propagated	prearrangement	synset-prearrangement-noun-1	something arranged in advance
oewn-07820633-n	n	dul:FunctionalSubstance	phase1_propagated	white rice	synset-white_rice-noun-1	having husk or outer brown layers removed
oewn-00364395-v	v	dul:Action	phase3_propagated_from_hypernym	bog down	from oewn-02686624-v[tier1_derivation]	get stuck while doing something
oewn-07513694-n	n	http://www.ontologydesignpatterns.org/ont/dul/Conceptualization.owl#InternalRepresentation	phase1_propagated	acquired taste	synset-acquired_taste-noun-1	a preference that is only acquired after considerable experience
oewn-02033222-n	n	dul:Organism	phase1_propagated	Polynesian tattler	synset-Polynesian_tattler-noun-1	tattler of Pacific coastal regions
oewn-02694245-v	v	dul:State	phase8_re_propagated	sweep	inherited from revised anchor oewn-02661230-v (dul:State)	cover the entire range of
oewn-02685792-a	a	dul:Quality	phase4_A2_pertainym_default	calico	adj.pert head — relational adjective	made of calico or resembling calico in being patterned
oewn-05932615-n	n	coll:InformationCollection	phase1_propagated	value	synset-value-noun-6	an ideal accepted by some individual or group
oewn-02131037-n	n	dul:Organism	phase1_propagated	leopard	synset-leopard-noun-2	large feline of African and Asian forests usually having a tawny coat with black spots
oewn-04546173-n	n	dul:PhysicalObject	phase1_propagated	visor	synset-visor-noun-1	a piece of armor plate (with eye slits) fixed or hinged to a medieval helmet to protect the face
oewn-14608838-n	n	dul:Substance	phase1_propagated	pyrogen	synset-pyrogen-noun-1	any substance characterized by its great flammability
oewn-00117555-s	s	dul:Quality	phase4_A1_satellite_inherits_head	acrimonious	inherited from head oewn-00117340-a	marked by strong resentment or cynicism
oewn-02390635-n	n	dul:Organism	phase1_propagated	pacer	synset-pacer-noun-2	a horse trained to a special gait in which both feet on one side leave the ground together
oewn-05305022-n	n	dul:BiologicalObject	phase1_propagated	organ	synset-organ-noun-1	a fully differentiated structural and functional unit in an animal that is specialized for some particular function
oewn-01797944-v	v	dul:CognitiveState	phase9c_re_propagated_cognitive	fuss	inherited from cognitive anchor oewn-00600349-v	worry unnecessarily or excessively
oewn-00088030-r	r	dul:Region	phase4_R7_adv_default	everlastingly	adverb default (quality region)	for a limitless time
oewn-12769008-n	n	dul:Organism	phase1_propagated	bittersweet	synset-bittersweet-noun-2	twining shrub of North America having yellow capsules enclosing scarlet seeds
oewn-09920596-n	n	dul:Person	phase1_propagated	catcher	synset-catcher-noun-1	(baseball) the person who plays the position of catcher
oewn-00298907-a	a	dul:Quality	phase4_A5_adj_head_default	socialistic	adj.all head default	advocating or following the socialist principles
oewn-01249745-v	v	dul:Action	phase3_propagated_from_hypernym	hone	from oewn-01249165-v[propagated_from_hypernym]	sharpen with a hone
oewn-09203513-n	n	dul:Event	phase1_propagated	abience	synset-abience-noun-1	(psychology) an urge to withdraw or avoid a situation or an object
oewn-00322668-s	s	dul:Quality	phase4_A1_satellite_inherits_head	spiny-stemmed	inherited from head oewn-00321992-a	having a spiny stem
oewn-04325522-n	n	dul:InformationRealization	phase1_propagated	stick figure	synset-stick_figure-noun-1	drawing of a human or animal that represents the head by a circle and the rest of the body by straight lines
oewn-00611928-v	v	dul:CognitiveEvent	phase9c_cognitive_reseed	recognize	verb.cognition.yaml + default cognitive perdurant	perceive to be the same
oewn-08510835-n	n	dul:SpaceRegion	phase1_propagated	wing	synset-wing-noun-7	(in flight formation) a position to the side and just to the rear of another aircraft
oewn-02888100-n	n	dul:DesignedArtifact	phase1_propagated	box beam	synset-box_beam-noun-1	a beam built up from boards; has a hollow rectangular cross section
oewn-00637185-v	v	dul:CognitiveState	phase3_tier3_cognitive_state_kw	answer	gloss	understand the meaning of
oewn-03723997-n	n	dul:DesignedArtifact	phase1_propagated	manor	synset-manor-noun-1	the mansion of a lord or wealthy person
oewn-04690957-n	n	dul:Quality	phase1_propagated	hirsuteness	synset-hirsuteness-noun-1	excessive hairiness
oewn-00212962-s	s	dul:Quality	phase4_A1_satellite_inherits_head	depilous	inherited from head oewn-00212038-a	completely hairless
oewn-07889783-n	n	dul:FunctionalSubstance	phase1_propagated	pizza	synset-pizza-noun-1	Italian open pie made of thin bread dough spread with a spiced mixture of e.g. tomato sauce and cheese
oewn-01140255-v	v	dul:Action	phase3_tier2_indirect	fuse	peer=oewn-01140122-v(dul:Action)	equip with a fuse; provide with a fuse
oewn-00411507-r	r	dul:Region	phase4_R7_adv_default	nevermore	adverb default (quality region)	at no time hereafter
oewn-08439204-n	n	dul:Organization	phase1_propagated	hawala	synset-hawala-noun-1	an underground banking system based on trust whereby money can be made available internationally without actually moving it or leaving a record of the transaction
oewn-07634910-n	n	dul:FunctionalSubstance	phase1_propagated	creme anglais	synset-creme_anglais-noun-1	custard sauce flavored with vanilla or a liqueur
oewn-09861084-n	n	dul:Person	phase1_propagated	base runner	synset-base_runner-noun-1	a baseball player on the team at bat who is on base (or attempting to reach a base)
oewn-00639231-s	s	dul:Quality	phase4_A1_satellite_inherits_head	traveled	inherited from head oewn-00638795-a	familiar with many parts of the world
oewn-01004206-v	v	dul:Action	phase3_propagated_from_hypernym	trademark	from oewn-01003902-v[propagated_from_hypernym]	register the trademark of
oewn-00130539-a	a	dul:Quality	phase4_A5_adj_head_default	postnatal	adj.all head default	occurring immediately after birth
oewn-14661166-n	n	dul:ChemicalObject	phase1_propagated	erbium	synset-erbium-noun-1	a trivalent metallic element of the rare earth group; occurs with yttrium
oewn-00180425-n	n	dul:Action	phase1_propagated	tooth	synset-tooth-noun-4	a means of enforcement
oewn-02023879-v	v	dul:Action	phase3_propagated_from_hypernym	foray into	from oewn-02023568-v[propagated_from_hypernym]	enter someone else's territory and take spoils
oewn-04409477-n	n	dul:DesignedArtifact	phase1_propagated	telephone plug	synset-telephone_plug-noun-1	a plug for connecting a telephone
oewn-13790888-n	n	dul:Amount	phase1_propagated	pitcher	synset-pitcher-noun-3	the quantity contained in a pitcher
oewn-00105032-r	r	dul:Region	phase4_R7_adv_default	at least	adverb default (quality region)	not less than
oewn-14108362-n	n	dul:Situation	phase1_propagated	nervous disorder	synset-nervous_disorder-noun-1	a disorder of the nervous system
oewn-07922812-n	n	dul:FunctionalSubstance	phase1_propagated	blended whiskey	synset-blended_whiskey-noun-1	mixture of two or more whiskeys or of a whiskey and neutral spirits
oewn-00488892-r	r	dul:SpaceRegion	phase4_R3_adv_spatial	under	spatial marker in gloss	through a range downward
oewn-04800786-n	n	dul:Quality	phase1_propagated	inadequacy	synset-inadequacy-noun-3	unsatisfactoriness by virtue of being inadequate
oewn-00094766-v	v	dul:State	phase8_systematic_review_from_phase3_propagated_from_hypernym	regrow	decision D-001023: Phase 3.5 rules support dul:State; Phase 3.5 rules R2: R2=dul:State_signals:1	grow anew or continue growth after an injury or interruption
oewn-09301201-n	n	dul:Substance	phase1_propagated	fallow	synset-fallow-noun-1	cultivated land that is not seeded for one or more growing seasons
